"Status","Start Time","Stop Time","Duration in ms","Parent Suite","Suite","Sub Suite","Test Class","Test Method","Name","Description"
"passed","Fri May 29 21:49:18 UTC 2026","Fri May 29 21:49:21 UTC 2026","2352","Genesys SDET Exercise","Scenario 1 - UI: Developer Center Navigation","com.outbound.tests.ui.DeveloperCenterUITest","com.outbound.tests.ui.DeveloperCenterUITest","homePageLoads","Test 1: Developer Center home page loads successfully",""
"passed","Fri May 29 21:49:03 UTC 2026","Fri May 29 21:49:03 UTC 2026","1","Genesys SDET Exercise","Scenario 2 - API: Swagger Validation","com.outbound.tests.api.SwaggerApiTest","com.outbound.tests.api.SwaggerApiTest","messagingCampaignsGetHas200ResponseWithSchema","Test 3: GET /outbound/messagingcampaigns has 200 response with schema",""
"passed","Fri May 29 21:49:26 UTC 2026","Fri May 29 21:49:30 UTC 2026","3873","Genesys SDET Exercise","Scenario 1 - UI: Developer Center Navigation","com.outbound.tests.ui.DeveloperCenterUITest","com.outbound.tests.ui.DeveloperCenterUITest","outboundApiSectionIsDisplayed","Test 3: Outbound API section is displayed with available endpoints",""
"passed","Fri May 29 21:49:21 UTC 2026","Fri May 29 21:49:25 UTC 2026","4165","Genesys SDET Exercise","Scenario 1 - UI: Developer Center Navigation","com.outbound.tests.ui.DeveloperCenterUITest","com.outbound.tests.ui.DeveloperCenterUITest","apiExplorerLoadsWithCategories","Test 2: API Explorer loads with visible API category list",""
"passed","Fri May 29 21:49:03 UTC 2026","Fri May 29 21:49:03 UTC 2026","8","Genesys SDET Exercise","Scenario 2 - API: Swagger Validation","com.outbound.tests.api.SwaggerApiTest","com.outbound.tests.api.SwaggerApiTest","messagingCampaignSchemaHasExpectedProperties","Test 5: MessagingCampaign schema has expected properties",""
"passed","Fri May 29 21:49:03 UTC 2026","Fri May 29 21:49:03 UTC 2026","1","Genesys SDET Exercise","Scenario 2 - API: Swagger Validation","com.outbound.tests.api.SwaggerApiTest","com.outbound.tests.api.SwaggerApiTest","messagingCampaignsPostHasRequestBodySchema","Test 4: POST /outbound/messagingcampaigns has request body schema",""
"passed","Fri May 29 21:49:03 UTC 2026","Fri May 29 21:49:03 UTC 2026","2","Genesys SDET Exercise","Scenario 2 - API: Swagger Validation","com.outbound.tests.api.SwaggerApiTest","com.outbound.tests.api.SwaggerApiTest","swaggerContainsAtLeastFiveOutboundPaths","Test 2: Swagger spec contains at least 5 outbound paths",""
"passed","Fri May 29 21:49:03 UTC 2026","Fri May 29 21:49:03 UTC 2026","2","Genesys SDET Exercise","Scenario 2 - API: Swagger Validation","com.outbound.tests.api.SwaggerApiTest","com.outbound.tests.api.SwaggerApiTest","swaggerSpecReturns200WithValidJson","Test 1: Swagger spec returns 200 OK with valid JSON",""
"passed","Fri May 29 21:49:30 UTC 2026","Fri May 29 21:49:36 UTC 2026","6172","Genesys SDET Exercise","Scenario 1 - UI: Developer Center Navigation","com.outbound.tests.ui.DeveloperCenterUITest","com.outbound.tests.ui.DeveloperCenterUITest","outboundEndpointDetailIsComplete","Test 4 & 5: Outbound endpoint detail view shows HTTP method, path, parameters, and response schema",""
